aluno_id,nome,email,telefone,data_nascimento,data_cadastro
1,Pedro Silva,aluno_1_859@email.com,(85) 989228452,1997-10-10,2025-03-13 06:39:07
2,Pedro Costa,aluno_2_189@email.com,(85) 999813640,1989-11-01,2024-10-24 12:49:57
3,Mateus Alves,aluno_3_338@email.com,(85) 996956909,1981-10-03,2024-10-20 16:54:36
4,Felipe Costa,aluno_4_529@email.com,(85) 987396759,1988-08-11,2025-12-05 11:56:05
5,Lucas Ferreira,aluno_5_814@email.com,(85) 994180586,1993-07-01,2025-04-22 04:18:21
6,Felipe Ribeiro,aluno_6_204@email.com,(85) 983112034,1991-09-20,2024-12-10 22:28:15
7,Beatriz Dias,aluno_7_370@email.com,(85) 981457954,1976-01-11,2025-09-01 17:07:26
8,Pedro Melo,aluno_8_180@email.com,(85) 998523409,1995-08-11,2026-05-29 19:10:10
9,Letícia Carvalho,aluno_9_691@email.com,(85) 986452134,1977-02-26,2024-11-21 02:36:22
10,Rafael Gomes,aluno_10_181@email.com,(85) 987811165,2004-03-25,2025-07-05 19:48:41
11,Mariana Carvalho,aluno_11_266@email.com,(85) 992421212,1992-10-28,2025-03-03 06:33:47
12,João Oliveira,aluno_12_723@email.com,(85) 985742460,1984-10-19,2026-03-17 14:18:05
13,Gustavo Martins,aluno_13_488@email.com,(85) 989057945,1980-01-20,2026-02-15 16:35:51
14,Rafael Ribeiro,aluno_14_963@email.com,(85) 981876966,1998-06-27,2026-05-24 05:58:53
15,Ana Melo,aluno_15_374@email.com,(85) 982220921,1999-04-19,2026-07-29 22:08:41
16,Amanda Ribeiro,aluno_16_317@email.com,(85) 996751421,1991-01-05,2026-07-09 03:38:55
17,Mariana Rodrigues,aluno_17_371@email.com,(85) 984685216,1997-09-12,2026-03-29 04:12:25
18,Fernanda Lima,aluno_18_864@email.com,(85) 999615450,1989-07-17,2026-07-18 17:51:24
19,Camila Carvalho,aluno_19_324@email.com,(85) 984641643,1985-11-26,2025-09-26 14:23:50
20,Gabriel Souza,aluno_20_256@email.com,(85) 985368105,1973-03-25,2026-02-10 02:01:51
21,Letícia Oliveira,aluno_21_494@email.com,(85) 992805018,1982-01-11,2026-09-28 12:02:47
22,Juliana Lima,aluno_22_666@email.com,(85) 980385239,1978-03-31,2026-03-11 11:02:46
23,Fernanda Lima,aluno_23_887@email.com,(85) 991414394,2003-10-04,2025-05-03 14:07:20
24,Gustavo Martins,aluno_24_103@email.com,(85) 988837869,1986-04-22,2026-04-10 13:34:39
25,Juliana Souza,aluno_25_991@email.com,(85) 990014145,1980-02-06,2025-10-06 22:15:13
26,Felipe Rodrigues,aluno_26_482@email.com,(85) 985420686,1984-07-25,2026-08-28 09:18:56
27,Juliana Silva,aluno_27_713@email.com,(85) 990876872,1986-11-04,2024-10-15 13:13:57
28,Beatriz Gomes,aluno_28_345@email.com,(85) 981943646,1997-12-15,2026-07-04 06:43:41
29,Mateus Oliveira,aluno_29_849@email.com,(85) 996307133,1972-02-27,2024-11-20 20:36:11
30,Fernanda Rodrigues,aluno_30_231@email.com,(85) 995947830,1984-02-06,2025-01-29 21:01:27
31,Juliana Dias,aluno_31_533@email.com,(85) 987106768,1984-07-27,2026-04-05 16:14:46
32,Felipe Gomes,aluno_32_508@email.com,(85) 992529912,1989-02-09,2026-07-20 01:14:19
33,Mariana Souza,aluno_33_353@email.com,(85) 987539591,2005-11-20,2025-06-05 03:15:32
34,Amanda Costa,aluno_34_335@email.com,(85) 999744773,1998-11-18,2024-10-06 13:59:00
35,Gabriel Pereira,aluno_35_169@email.com,(85) 981054043,1993-12-09,2024-11-22 01:25:14
36,Rafael Lima,aluno_36_785@email.com,(85) 996287807,1999-02-24,2025-10-29 23:22:42
37,Amanda Rocha,aluno_37_584@email.com,(85) 988153634,1973-07-25,2025-09-11 14:29:09
38,Larissa Alves,aluno_38_196@email.com,(85) 983252458,1979-03-15,2025-08-12 00:01:00
39,Larissa Barbosa,aluno_39_578@email.com,(85) 981817683,1978-07-22,2026-01-21 08:32:24
40,Pedro Santos,aluno_40_512@email.com,(85) 991385106,1972-11-06,2026-06-22 08:30:10
41,Rafael Alves,aluno_41_294@email.com,(85) 997994763,1988-08-20,2025-01-11 15:59:37
42,Gustavo Lima,aluno_42_573@email.com,(85) 988382113,2005-05-18,2025-08-20 19:39:02
43,Fernanda Souza,aluno_43_151@email.com,(85) 998139121,2008-02-06,2026-09-08 16:48:51
44,Rafael Ferreira,aluno_44_516@email.com,(85) 996295412,1987-03-03,2025-03-06 08:51:09
45,Camila Santos,aluno_45_268@email.com,(85) 992716227,2008-08-30,2026-09-20 14:36:39
46,João Martins,aluno_46_392@email.com,(85) 994193775,1977-07-07,2026-08-31 04:12:18
47,Fernanda Araújo,aluno_47_258@email.com,(85) 986371915,1995-06-14,2025-03-09 06:07:11
48,Gabriel Rocha,aluno_48_853@email.com,(85) 998193052,2006-01-10,2026-03-31 08:31:54
49,Gabriel Santos,aluno_49_698@email.com,(85) 995998367,1986-03-16,2026-08-03 11:39:45
50,Juliana Ferreira,aluno_50_158@email.com,(85) 997039896,2005-03-02,2026-06-14 19:31:17
