matricula_id,aluno_id,plano_id,data_inicio,data_fim,status
1,1,1,2025-03-13,2025-04-12,Cancelada
2,2,1,2024-10-24,2024-11-23,Ativa
3,3,4,2024-10-20,2025-10-15,Ativa
4,4,2,2025-12-05,2026-03-05,Cancelada
5,5,1,2025-04-22,2025-05-22,Cancelada
6,6,1,2024-12-10,2025-01-09,Expirada
7,7,3,2025-09-01,2026-08-27,Ativa
8,8,2,2026-05-29,2026-08-27,Ativa
9,9,2,2024-11-21,2025-02-19,Ativa
10,10,4,2025-07-05,2026-06-30,Ativa
11,11,3,2025-03-03,2026-02-26,Expirada
12,12,3,2026-03-17,2027-03-12,Ativa
13,13,1,2026-02-15,2026-03-17,Expirada
14,14,1,2026-05-24,2026-06-23,Ativa
15,15,2,2026-07-29,2026-10-27,Cancelada
16,16,3,2026-07-09,2027-07-04,Ativa
17,17,3,2026-03-29,2027-03-24,Ativa
18,18,2,2026-07-18,2026-10-16,Ativa
19,19,3,2025-09-26,2026-09-21,Ativa
20,20,4,2026-02-10,2027-02-05,Cancelada
21,21,3,2026-09-28,2027-09-23,Cancelada
22,22,1,2026-03-11,2026-04-10,Cancelada
23,23,3,2025-05-03,2026-04-28,Ativa
24,24,2,2026-04-10,2026-07-09,Ativa
25,25,1,2025-10-06,2025-11-05,Ativa
26,26,2,2026-08-28,2026-11-26,Ativa
27,27,3,2024-10-15,2025-10-10,Cancelada
28,28,2,2026-07-04,2026-10-02,Ativa
29,29,2,2024-11-20,2025-02-18,Ativa
30,30,4,2025-01-29,2026-01-24,Ativa
31,31,1,2026-04-05,2026-05-05,Ativa
32,32,4,2026-07-20,2027-07-15,Ativa
33,33,1,2025-06-05,2025-07-05,Ativa
34,34,3,2024-10-06,2025-10-01,Ativa
35,35,3,2024-11-22,2025-11-17,Ativa
36,36,4,2025-10-29,2026-10-24,Cancelada
37,37,4,2025-09-11,2026-09-06,Cancelada
38,38,1,2025-08-12,2025-09-11,Ativa
39,39,1,2026-01-21,2026-02-20,Ativa
40,40,1,2026-06-22,2026-07-22,Ativa
41,41,2,2025-01-11,2025-04-11,Expirada
42,42,2,2025-08-20,2025-11-18,Ativa
43,43,3,2026-09-08,2027-09-03,Ativa
44,44,1,2025-03-06,2025-04-05,Ativa
45,45,2,2026-09-20,2026-12-19,Ativa
46,46,1,2026-08-31,2026-09-30,Ativa
47,47,4,2025-03-09,2026-03-04,Cancelada
48,48,2,2026-03-31,2026-06-29,Ativa
49,49,2,2026-08-03,2026-11-01,Ativa
50,50,4,2026-06-14,2027-06-09,Ativa
