pagamento_id,matricula_id,valor_pago,data_pagamento,forma_pagamento
1,1,119.9,2025-03-14 08:37:01,Dinheiro
2,2,119.9,2024-10-28 10:38:13,PIX
3,3,149.9,2024-10-21 17:27:54,Cartao_Credito
4,4,99.9,2025-12-06 22:22:10,Dinheiro
5,5,119.9,2025-04-23 12:29:27,Dinheiro
6,6,119.9,2024-12-12 03:48:19,PIX
7,7,79.9,2025-09-02 10:40:16,Dinheiro
8,8,99.9,2026-05-31 01:45:49,Boleto
9,9,99.9,2024-11-23 00:15:01,Boleto
10,10,149.9,2025-07-09 18:05:33,Boleto
11,11,79.9,2025-03-04 08:58:42,Boleto
12,12,79.9,2026-03-17 11:44:58,Boleto
13,13,119.9,2026-02-18 19:11:22,Cartao_Credito
14,14,119.9,2026-05-26 05:08:33,Boleto
15,15,99.9,2026-07-29 10:33:32,PIX
16,16,79.9,2026-07-10 20:32:46,Boleto
17,17,79.9,2026-04-01 10:44:21,Cartao_Credito
18,18,99.9,2026-07-21 17:58:27,Boleto
19,19,79.9,2025-09-29 11:56:28,Boleto
20,20,149.9,2026-02-12 20:49:53,Dinheiro
21,21,79.9,2026-10-01 20:06:42,Boleto
22,22,119.9,2026-03-13 10:44:01,Boleto
23,23,79.9,2025-05-04 15:35:17,Boleto
24,24,99.9,2026-04-12 13:06:16,PIX
25,25,119.9,2025-10-08 22:51:56,PIX
26,26,99.9,2026-08-31 10:28:03,Boleto
27,27,79.9,2024-10-15 22:37:49,PIX
28,28,99.9,2026-07-07 11:25:52,PIX
29,29,99.9,2024-11-20 18:14:13,Dinheiro
30,30,149.9,2025-02-01 10:34:29,Dinheiro
31,31,119.9,2026-04-07 09:17:24,PIX
32,32,149.9,2026-07-23 18:48:33,Dinheiro
33,33,119.9,2025-06-06 13:09:02,Cartao_Credito
34,34,79.9,2024-10-10 21:26:40,Cartao_Credito
35,35,79.9,2024-11-26 00:02:11,Dinheiro
36,36,149.9,2025-10-29 09:00:59,Cartao_Credito
37,37,149.9,2025-09-13 16:23:32,Boleto
38,38,119.9,2025-08-17 04:42:06,Dinheiro
39,39,119.9,2026-01-25 10:14:33,PIX
40,40,119.9,2026-06-25 22:56:05,Boleto
41,41,99.9,2025-01-15 04:17:29,Boleto
42,42,99.9,2025-08-24 02:09:11,PIX
43,43,79.9,2026-09-09 09:52:53,Boleto
44,44,119.9,2025-03-07 08:10:09,Cartao_Credito
45,45,99.9,2026-09-20 19:22:48,PIX
46,46,119.9,2026-09-03 13:32:27,Dinheiro
47,47,149.9,2025-03-10 21:17:48,Cartao_Credito
48,48,99.9,2026-04-01 05:51:42,Cartao_Credito
49,49,99.9,2026-08-07 15:59:41,Dinheiro
50,50,149.9,2026-06-16 20:33:01,Boleto
